<?xml version="1.0" encoding="UTF-8" standalone="yes"?>
<instance>
    <info>
        <dataset>Fisher 1994 — Set F</dataset>
        <name>F-n072-k4</name>
    </info>
    <network>
        <nodes>
            <node id="1" type="0">
                <cx>0.0</cx>
                <cy>0.0</cy>
            </node>
            <node id="2" type="1">
                <cx>-12.0</cx>
                <cy>-6.0</cy>
            </node>
            <node id="3" type="1">
                <cx>-15.0</cx>
                <cy>-5.0</cy>
            </node>
            <node id="4" type="1">
                <cx>-1.0</cx>
                <cy>-18.0</cy>
            </node>
            <node id="5" type="1">
                <cx>2.0</cx>
                <cy>-21.0</cy>
            </node>
            <node id="6" type="1">
                <cx>-1.0</cx>
                <cy>-17.0</cy>
            </node>
            <node id="7" type="1">
                <cx>-9.0</cx>
                <cy>-12.0</cy>
            </node>
            <node id="8" type="1">
                <cx>2.0</cx>
                <cy>-22.0</cy>
            </node>
            <node id="9" type="1">
                <cx>1.0</cx>
                <cy>-21.0</cy>
            </node>
            <node id="10" type="1">
                <cx>7.0</cx>
                <cy>-25.0</cy>
            </node>
            <node id="11" type="1">
                <cx>-7.0</cx>
                <cy>-17.0</cy>
            </node>
            <node id="12" type="1">
                <cx>-11.0</cx>
                <cy>-5.0</cy>
            </node>
            <node id="13" type="1">
                <cx>-14.0</cx>
                <cy>-9.0</cy>
            </node>
            <node id="14" type="1">
                <cx>-14.0</cx>
                <cy>-8.0</cy>
            </node>
            <node id="15" type="1">
                <cx>-11.0</cx>
                <cy>-2.0</cy>
            </node>
            <node id="16" type="1">
                <cx>-14.0</cx>
                <cy>-5.0</cy>
            </node>
            <node id="17" type="1">
                <cx>-15.0</cx>
                <cy>-9.0</cy>
            </node>
            <node id="18" type="1">
                <cx>-15.0</cx>
                <cy>-8.0</cy>
            </node>
            <node id="19" type="1">
                <cx>-9.0</cx>
                <cy>-6.0</cy>
            </node>
            <node id="20" type="1">
                <cx>-14.0</cx>
                <cy>-4.0</cy>
            </node>
            <node id="21" type="1">
                <cx>3.0</cx>
                <cy>6.0</cy>
            </node>
            <node id="22" type="1">
                <cx>5.0</cx>
                <cy>9.0</cy>
            </node>
            <node id="23" type="1">
                <cx>5.0</cx>
                <cy>10.0</cy>
            </node>
            <node id="24" type="1">
                <cx>2.0</cx>
                <cy>8.0</cy>
            </node>
            <node id="25" type="1">
                <cx>1.0</cx>
                <cy>9.0</cy>
            </node>
            <node id="26" type="1">
                <cx>1.0</cx>
                <cy>10.0</cy>
            </node>
            <node id="27" type="1">
                <cx>2.0</cx>
                <cy>9.0</cy>
            </node>
            <node id="28" type="1">
                <cx>6.0</cx>
                <cy>14.0</cy>
            </node>
            <node id="29" type="1">
                <cx>5.0</cx>
                <cy>12.0</cy>
            </node>
            <node id="30" type="1">
                <cx>3.0</cx>
                <cy>7.0</cy>
            </node>
            <node id="31" type="1">
                <cx>4.0</cx>
                <cy>8.0</cy>
            </node>
            <node id="32" type="1">
                <cx>-6.0</cx>
                <cy>1.0</cy>
            </node>
            <node id="33" type="1">
                <cx>-6.0</cx>
                <cy>2.0</cy>
            </node>
            <node id="34" type="1">
                <cx>-8.0</cx>
                <cy>-2.0</cy>
            </node>
            <node id="35" type="1">
                <cx>-7.0</cx>
                <cy>2.0</cy>
            </node>
            <node id="36" type="1">
                <cx>-7.0</cx>
                <cy>-3.0</cy>
            </node>
            <node id="37" type="1">
                <cx>-7.0</cx>
                <cy>-2.0</cy>
            </node>
            <node id="38" type="1">
                <cx>-20.0</cx>
                <cy>12.0</cy>
            </node>
            <node id="39" type="1">
                <cx>-20.0</cx>
                <cy>13.0</cy>
            </node>
            <node id="40" type="1">
                <cx>-12.0</cx>
                <cy>10.0</cy>
            </node>
            <node id="41" type="1">
                <cx>-20.0</cx>
                <cy>15.0</cy>
            </node>
            <node id="42" type="1">
                <cx>-6.0</cx>
                <cy>8.0</cy>
            </node>
            <node id="43" type="1">
                <cx>2.0</cx>
                <cy>21.0</cy>
            </node>
            <node id="44" type="1">
                <cx>2.0</cx>
                <cy>22.0</cy>
            </node>
            <node id="45" type="1">
                <cx>1.0</cx>
                <cy>21.0</cy>
            </node>
            <node id="46" type="1">
                <cx>-1.0</cx>
                <cy>24.0</cy>
            </node>
            <node id="47" type="1">
                <cx>1.0</cx>
                <cy>22.0</cy>
            </node>
            <node id="48" type="1">
                <cx>-2.0</cx>
                <cy>20.0</cy>
            </node>
            <node id="49" type="1">
                <cx>-2.0</cx>
                <cy>21.0</cy>
            </node>
            <node id="50" type="1">
                <cx>-4.0</cx>
                <cy>18.0</cy>
            </node>
            <node id="51" type="1">
                <cx>-4.0</cx>
                <cy>19.0</cy>
            </node>
            <node id="52" type="1">
                <cx>-5.0</cx>
                <cy>18.0</cy>
            </node>
            <node id="53" type="1">
                <cx>-5.0</cx>
                <cy>26.0</cy>
            </node>
            <node id="54" type="1">
                <cx>1.0</cx>
                <cy>23.0</cy>
            </node>
            <node id="55" type="1">
                <cx>-6.0</cx>
                <cy>5.0</cy>
            </node>
            <node id="56" type="1">
                <cx>-6.0</cx>
                <cy>6.0</cy>
            </node>
            <node id="57" type="1">
                <cx>-9.0</cx>
                <cy>6.0</cy>
            </node>
            <node id="58" type="1">
                <cx>-9.0</cx>
                <cy>7.0</cy>
            </node>
            <node id="59" type="1">
                <cx>-12.0</cx>
                <cy>5.0</cy>
            </node>
            <node id="60" type="1">
                <cx>-12.0</cx>
                <cy>6.0</cy>
            </node>
            <node id="61" type="1">
                <cx>-11.0</cx>
                <cy>3.0</cy>
            </node>
            <node id="62" type="1">
                <cx>-11.0</cx>
                <cy>4.0</cy>
            </node>
            <node id="63" type="1">
                <cx>-14.0</cx>
                <cy>4.0</cy>
            </node>
            <node id="64" type="1">
                <cx>-14.0</cx>
                <cy>5.0</cy>
            </node>
            <node id="65" type="1">
                <cx>-15.0</cx>
                <cy>4.0</cy>
            </node>
            <node id="66" type="1">
                <cx>-15.0</cx>
                <cy>5.0</cy>
            </node>
            <node id="67" type="1">
                <cx>-16.0</cx>
                <cy>7.0</cy>
            </node>
            <node id="68" type="1">
                <cx>-16.0</cx>
                <cy>8.0</cy>
            </node>
            <node id="69" type="1">
                <cx>-15.0</cx>
                <cy>10.0</cy>
            </node>
            <node id="70" type="1">
                <cx>-20.0</cx>
                <cy>10.0</cy>
            </node>
            <node id="71" type="1">
                <cx>-5.0</cx>
                <cy>19.0</cy>
            </node>
            <node id="72" type="1">
                <cx>-9.0</cx>
                <cy>-11.0</cy>
            </node>
        </nodes>
        <euclidean/>
        <decimals>0</decimals>
    </network>
    <fleet>
        <vehicle_profile type="0">
            <departure_node>1</departure_node>
            <arrival_node>1</arrival_node>
            <capacity>30000.0</capacity>
        </vehicle_profile>
    </fleet>
    <requests>
        <request id="1" node="2">
            <quantity>7063.0</quantity>
        </request>
        <request id="2" node="3">
            <quantity>51.0</quantity>
        </request>
        <request id="3" node="4">
            <quantity>23.0</quantity>
        </request>
        <request id="4" node="5">
            <quantity>3074.0</quantity>
        </request>
        <request id="5" node="6">
            <quantity>349.0</quantity>
        </request>
        <request id="6" node="7">
            <quantity>1047.0</quantity>
        </request>
        <request id="7" node="8">
            <quantity>698.0</quantity>
        </request>
        <request id="8" node="9">
            <quantity>3001.0</quantity>
        </request>
        <request id="9" node="10">
            <quantity>31.0</quantity>
        </request>
        <request id="10" node="11">
            <quantity>1135.0</quantity>
        </request>
        <request id="11" node="12">
            <quantity>21611.0</quantity>
        </request>
        <request id="12" node="13">
            <quantity>57.0</quantity>
        </request>
        <request id="13" node="14">
            <quantity>51.0</quantity>
        </request>
        <request id="14" node="15">
            <quantity>551.0</quantity>
        </request>
        <request id="15" node="16">
            <quantity>179.0</quantity>
        </request>
        <request id="16" node="17">
            <quantity>6.0</quantity>
        </request>
        <request id="17" node="18">
            <quantity>528.0</quantity>
        </request>
        <request id="18" node="19">
            <quantity>2832.0</quantity>
        </request>
        <request id="19" node="20">
            <quantity>1514.0</quantity>
        </request>
        <request id="20" node="21">
            <quantity>889.0</quantity>
        </request>
        <request id="21" node="22">
            <quantity>2554.0</quantity>
        </request>
        <request id="22" node="23">
            <quantity>1215.0</quantity>
        </request>
        <request id="23" node="24">
            <quantity>1810.0</quantity>
        </request>
        <request id="24" node="25">
            <quantity>3050.0</quantity>
        </request>
        <request id="25" node="26">
            <quantity>4.0</quantity>
        </request>
        <request id="26" node="27">
            <quantity>1563.0</quantity>
        </request>
        <request id="27" node="28">
            <quantity>741.0</quantity>
        </request>
        <request id="28" node="29">
            <quantity>1532.0</quantity>
        </request>
        <request id="29" node="30">
            <quantity>709.0</quantity>
        </request>
        <request id="30" node="31">
            <quantity>1022.0</quantity>
        </request>
        <request id="31" node="32">
            <quantity>883.0</quantity>
        </request>
        <request id="32" node="33">
            <quantity>1689.0</quantity>
        </request>
        <request id="33" node="34">
            <quantity>10235.0</quantity>
        </request>
        <request id="34" node="35">
            <quantity>29.0</quantity>
        </request>
        <request id="35" node="36">
            <quantity>2894.0</quantity>
        </request>
        <request id="36" node="37">
            <quantity>450.0</quantity>
        </request>
        <request id="37" node="38">
            <quantity>411.0</quantity>
        </request>
        <request id="38" node="39">
            <quantity>207.0</quantity>
        </request>
        <request id="39" node="40">
            <quantity>496.0</quantity>
        </request>
        <request id="40" node="41">
            <quantity>1021.0</quantity>
        </request>
        <request id="41" node="42">
            <quantity>117.0</quantity>
        </request>
        <request id="42" node="43">
            <quantity>46.0</quantity>
        </request>
        <request id="43" node="44">
            <quantity>8.0</quantity>
        </request>
        <request id="44" node="45">
            <quantity>18.0</quantity>
        </request>
        <request id="45" node="46">
            <quantity>561.0</quantity>
        </request>
        <request id="46" node="47">
            <quantity>1877.0</quantity>
        </request>
        <request id="47" node="48">
            <quantity>3542.0</quantity>
        </request>
        <request id="48" node="49">
            <quantity>801.0</quantity>
        </request>
        <request id="49" node="50">
            <quantity>967.0</quantity>
        </request>
        <request id="50" node="51">
            <quantity>62.0</quantity>
        </request>
        <request id="51" node="52">
            <quantity>1366.0</quantity>
        </request>
        <request id="52" node="53">
            <quantity>230.0</quantity>
        </request>
        <request id="53" node="54">
            <quantity>4.0</quantity>
        </request>
        <request id="54" node="55">
            <quantity>12.0</quantity>
        </request>
        <request id="55" node="56">
            <quantity>145.0</quantity>
        </request>
        <request id="56" node="57">
            <quantity>7149.0</quantity>
        </request>
        <request id="57" node="58">
            <quantity>2250.0</quantity>
        </request>
        <request id="58" node="59">
            <quantity>383.0</quantity>
        </request>
        <request id="59" node="60">
            <quantity>134.0</quantity>
        </request>
        <request id="60" node="61">
            <quantity>1947.0</quantity>
        </request>
        <request id="61" node="62">
            <quantity>182.0</quantity>
        </request>
        <request id="62" node="63">
            <quantity>3934.0</quantity>
        </request>
        <request id="63" node="64">
            <quantity>468.0</quantity>
        </request>
        <request id="64" node="65">
            <quantity>18.0</quantity>
        </request>
        <request id="65" node="66">
            <quantity>133.0</quantity>
        </request>
        <request id="66" node="67">
            <quantity>2340.0</quantity>
        </request>
        <request id="67" node="68">
            <quantity>754.0</quantity>
        </request>
        <request id="68" node="69">
            <quantity>1264.0</quantity>
        </request>
        <request id="69" node="70">
            <quantity>806.0</quantity>
        </request>
        <request id="70" node="71">
            <quantity>3665.0</quantity>
        </request>
        <request id="71" node="72">
            <quantity>2452.0</quantity>
        </request>
    </requests>
</instance>
